Documento	Id
O Brasil registrou crescimento econômico no último trimestre .	1
Pesquisadores desenvolveram uma nova tecnologia para energia solar .	2
A seleção brasileira venceu a partida por três a zero .	3
A inflação apresentou queda durante o mês de abril .	4
Universidades federais receberam novos investimentos em pesquisa .	5
A prefeitura anunciou obras de mobilidade urbana .	6
Empresas de tecnologia ampliaram vagas para desenvolvedores .	7
O Ministério da Saúde iniciou nova campanha de vacinação .	8
A Petrobras anunciou aumento na produção de petróleo .	9
Especialistas discutiram inteligência artificial em congresso .	10
O mercado financeiro reagiu positivamente às novas medidas .	11
A equipe médica realizou cirurgia inédita em São Paulo .	12
A bolsa de valores encerrou o dia em alta .	13
Estudantes participaram de olimpíada nacional de matemática .	14
Pesquisadores brasileiros publicaram artigo científico internacional .	15
A seleção feminina conquistou medalha no campeonato .	16
O governo estadual inaugurou hospital regional .	17
Novos aplicativos facilitaram o acesso a serviços digitais .	18
O turismo brasileiro apresentou crescimento no verão .	19
A conferência reuniu especialistas em segurança da informação .	20
A escola promoveu feira de ciências para os alunos .	21
O banco central divulgou relatório econômico anual .	22
O campeonato brasileiro começou neste final de semana .	23
Cientistas analisaram dados sobre mudanças climáticas .	24
A startup recebeu investimentos de empresas internacionais .	25
O município ampliou programas de educação pública .	26
Jogadores participaram de treinamento antes da competição .	27
A universidade lançou curso sobre ciência de dados .	28
O setor industrial registrou aumento na produção .	29
Pesquisadores apresentaram avanços em computação quântica .	30
